claim_id,claim,cited_doc_id,label
1,0-dimensional biomaterials show inductive properties.,31715818,
3,"1,000 genomes project enables mapping of genetic sequence variation consisting of rare variants with larger penetrance effects than common variants.",14717500,SUPPORT
3,"1,000 genomes project enables mapping of genetic sequence variation consisting of rare variants with larger penetrance effects than common variants.",14717500,SUPPORT
5,1/2000 in UK have abnormal PrP positivity.,13734012,SUPPORT
13,5% of perinatal mortality is due to low birth weight.,1606628,
36,A deficiency of vitamin B12 increases blood levels of homocysteine.,5152028,
36,A deficiency of vitamin B12 increases blood levels of homocysteine.,11705328,
42,A high microerythrocyte count raises vulnerability to severe anemia in homozygous alpha (+)- thalassemia trait subjects.,18174210,CONTRADICT
42,A high microerythrocyte count raises vulnerability to severe anemia in homozygous alpha (+)- thalassemia trait subjects.,18174210,CONTRADICT
48,"A total of 1,000 people in the UK are asymptomatic carriers of vCJD infection.",13734012,CONTRADICT
49,ADAR1 binds to Dicer to cleave pre-miRNA.,5953485,SUPPORT
49,ADAR1 binds to Dicer to cleave pre-miRNA.,5953485,SUPPORT
50,AIRE is expressed in some skin tumors.,12580014,SUPPORT
51,ALDH1 expression is associated with better breast cancer outcomes.,45638119,CONTRADICT
53,ALDH1 expression is associated with poorer prognosis in breast cancer.,45638119,SUPPORT
54,AMP-activated protein kinase (AMPK) activation increases inflammation-related fibrosis in the lungs.,49556906,CONTRADICT
54,AMP-activated protein kinase (AMPK) activation increases inflammation-related fibrosis in the lungs.,49556906,CONTRADICT
54,AMP-activated protein kinase (AMPK) activation increases inflammation-related fibrosis in the lungs.,49556906,CONTRADICT
56,APOE4 expression in iPSC-derived neurons increases AlphaBeta production and tau phosphorylation causing GABA neuron degeneration.,4709641,SUPPORT
57,"APOE4 expression in iPSC-derived neurons increases AlphaBeta production and tau phosphorylation, delaying GABA neuron degeneration.",4709641,CONTRADICT
70,Activation of PPM1D suppresses p53 function.,5956380,SUPPORT
70,Activation of PPM1D suppresses p53 function.,4414547,SUPPORT
70,Activation of PPM1D suppresses p53 function.,5956380,SUPPORT
70,Activation of PPM1D suppresses p53 function.,4414547,SUPPORT
72,Activator-inhibitor pairs are provided dorsally by Admpchordin.,6076903,
75,"Active H. pylori urease has a polymeric structure that compromises two subunits, UreA and UreB.",4387784,
94,Albendazole is used to treat lymphatic filariasis.,1215116,
99,Alizarin forms hydrogen bonds with residues involved in PGAM1 substrate binding.,18810195,
100,All hematopoietic stem cells segregate their chromosomes randomly.,4381486,SUPPORT
113,Angiotensin converting enzyme inhibitors are associated with increased risk for functional renal insufficiency.,6157837,SUPPORT
113,Angiotensin converting enzyme inhibitors are associated with increased risk for functional renal insufficiency.,6157837,SUPPORT
115,Anthrax spores can be disposed of easily after they are dispersed.,33872649,CONTRADICT
118,Antibiotic induced alterations in the gut microbiome reduce resistance against Clostridium difficile,6372244,SUPPORT
118,Antibiotic induced alterations in the gut microbiome reduce resistance against Clostridium difficile,6372244,SUPPORT
124,Antiretroviral therapy reduces rates of tuberculosis across a broad range of CD4 strata.,4883040,SUPPORT
124,Antiretroviral therapy reduces rates of tuberculosis across a broad range of CD4 strata.,4883040,SUPPORT
127,Arginine 90 in p150n is important for interaction with EB1.,21598000,
128,Arterioles have a larger lumen diameter than venules.,8290953,
129,Articles published in open access format are less likely to be cited than traditional journals.,27768226,CONTRADICT
129,Articles published in open access format are less likely to be cited than traditional journals.,27768226,CONTRADICT
129,Articles published in open access format are less likely to be cited than traditional journals.,27768226,CONTRADICT
129,Articles published in open access format are less likely to be cited than traditional journals.,27768226,CONTRADICT
130,Articles published in open access format are more likely to be cited than traditional journals.,27768226,SUPPORT
130,Articles published in open access format are more likely to be cited than traditional journals.,27768226,SUPPORT
130,Articles published in open access format are more likely to be cited than traditional journals.,27768226,SUPPORT
130,Articles published in open access format are more likely to be cited than traditional journals.,27768226,SUPPORT
132,Aspirin inhibits the production of PGE2.,7975937,
133,"Assembly of invadopodia is triggered by focal generation of phosphatidylinositol-3,4-biphosphate and the activation of the nonreceptor tyrosine kinase Src.",38485364,SUPPORT
133,"Assembly of invadopodia is triggered by focal generation of phosphatidylinositol-3,4-biphosphate and the activation of the nonreceptor tyrosine kinase Src.",6969753,SUPPORT
133,"Assembly of invadopodia is triggered by focal generation of phosphatidylinositol-3,4-biphosphate and the activation of the nonreceptor tyrosine kinase Src.",17934082,SUPPORT
133,"Assembly of invadopodia is triggered by focal generation of phosphatidylinositol-3,4-biphosphate and the activation of the nonreceptor tyrosine kinase Src.",16280642,SUPPORT
133,"Assembly of invadopodia is triggered by focal generation of phosphatidylinositol-3,4-biphosphate and the activation of the nonreceptor tyrosine kinase Src.",12640810,SUPPORT
137,Asymptomatic visual impairment screening in elderly populations does not lead to improved vision.,26016929,SUPPORT
141,Auditory entrainment is strengthened when people see congruent visual and auditory information.,6955746,SUPPORT
141,Auditory entrainment is strengthened when people see congruent visual and auditory information.,14437255,SUPPORT
141,Auditory entrainment is strengthened when people see congruent visual and auditory information.,6955746,SUPPORT
141,Auditory entrainment is strengthened when people see congruent visual and auditory information.,14437255,SUPPORT
141,Auditory entrainment is strengthened when people see congruent visual and auditory information.,6955746,SUPPORT
141,Auditory entrainment is strengthened when people see congruent visual and auditory information.,14437255,SUPPORT
141,Auditory entrainment is strengthened when people see congruent visual and auditory information.,6955746,SUPPORT
141,Auditory entrainment is strengthened when people see congruent visual and auditory information.,14437255,SUPPORT
141,Auditory entrainment is strengthened when people see congruent visual and auditory information.,6955746,SUPPORT
141,Auditory entrainment is strengthened when people see congruent visual and auditory information.,14437255,SUPPORT
141,Auditory entrainment is strengthened when people see congruent visual and auditory information.,6955746,SUPPORT
141,Auditory entrainment is strengthened when people see congruent visual and auditory information.,14437255,SUPPORT
142,Autologous transplantation of mesenchymal stem cells causes a higher rate of opportunistic infections than induction therapy with anti-interleukin-2 receptor antibodies.,10582939,CONTRADICT
143,Autologous transplantation of mesenchymal stem cells causes fewer opportunistic infections than induction therapy with anti-interleukin-2 receptor antibodies.,10582939,SUPPORT
146,Autologous transplantation of mesenchymal stem cells has lower rates of rejection than induction therapy with anti-interleukin-2 receptor antibodies.,10582939,SUPPORT
146,Autologous transplantation of mesenchymal stem cells has lower rates of rejection than induction therapy with anti-interleukin-2 receptor antibodies.,10582939,SUPPORT
148,Autophagy declines in aged organisms.,1084345,SUPPORT
163,Bariatric surgery has a positive impact on mental health.,18872233,SUPPORT
163,Bariatric surgery has a positive impact on mental health.,18872233,SUPPORT
171,Basophils counteract disease development in patients with systemic lupus erythematosus (SLE).,12670680,CONTRADICT
171,Basophils counteract disease development in patients with systemic lupus erythematosus (SLE).,12670680,CONTRADICT
171,Basophils counteract disease development in patients with systemic lupus erythematosus (SLE).,12670680,CONTRADICT
179,Birth-weight is positively associated with breast cancer.,16322674,SUPPORT
179,Birth-weight is positively associated with breast cancer.,27123743,SUPPORT
179,Birth-weight is positively associated with breast cancer.,23557241,SUPPORT
179,Birth-weight is positively associated with breast cancer.,17450673,SUPPORT
179,Birth-weight is positively associated with breast cancer.,16322674,SUPPORT
179,Birth-weight is positively associated with breast cancer.,27123743,SUPPORT
179,Birth-weight is positively associated with breast cancer.,23557241,SUPPORT
179,Birth-weight is positively associated with breast cancer.,17450673,SUPPORT
179,Birth-weight is positively associated with breast cancer.,16322674,SUPPORT
179,Birth-weight is positively associated with breast cancer.,27123743,SUPPORT
179,Birth-weight is positively associated with breast cancer.,23557241,SUPPORT
179,Birth-weight is positively associated with breast cancer.,17450673,SUPPORT
179,Birth-weight is positively associated with breast cancer.,16322674,SUPPORT
179,Birth-weight is positively associated with breast cancer.,27123743,SUPPORT
179,Birth-weight is positively associated with breast cancer.,23557241,SUPPORT
179,Birth-weight is positively associated with breast cancer.,17450673,SUPPORT
179,Birth-weight is positively associated with breast cancer.,16322674,SUPPORT
179,Birth-weight is positively associated with breast cancer.,27123743,SUPPORT
179,Birth-weight is positively associated with breast cancer.,23557241,SUPPORT
179,Birth-weight is positively associated with breast cancer.,17450673,SUPPORT
179,Birth-weight is positively associated with breast cancer.,16322674,SUPPORT
179,Birth-weight is positively associated with breast cancer.,27123743,SUPPORT
179,Birth-weight is positively associated with breast cancer.,23557241,SUPPORT
179,Birth-weight is positively associated with breast cancer.,17450673,SUPPORT
179,Birth-weight is positively associated with breast cancer.,16322674,SUPPORT
179,Birth-weight is positively associated with breast cancer.,27123743,SUPPORT
179,Birth-weight is positively associated with breast cancer.,23557241,SUPPORT
179,Birth-weight is positively associated with breast cancer.,17450673,SUPPORT
179,Birth-weight is positively associated with breast cancer.,16322674,SUPPORT
179,Birth-weight is positively associated with breast cancer.,27123743,SUPPORT
179,Birth-weight is positively associated with breast cancer.,23557241,SUPPORT
179,Birth-weight is positively associated with breast cancer.,17450673,SUPPORT
180,Blocking the interaction between TDP-43 and respiratory complex I proteins ND3 and ND6 leads to increased TDP-43-induced neuronal loss.,16966326,CONTRADICT
183,Bone marrow cells contribute to adult macrophage compartments.,12827098,CONTRADICT
185,Breast cancer development is determined exclusively by genetic factors.,18340282,CONTRADICT
185,Breast cancer development is determined exclusively by genetic factors.,18340282,CONTRADICT
198,CCL19 is absent within dLNs.,2177022,
208,CHEK2 is not associated with breast cancer.,13519661,SUPPORT
212,CR is associated with higher methylation age.,22038539,CONTRADICT
212,CR is associated with higher methylation age.,22038539,CONTRADICT
212,CR is associated with higher methylation age.,22038539,CONTRADICT
212,CR is associated with higher methylation age.,22038539,CONTRADICT
212,CR is associated with higher methylation age.,22038539,CONTRADICT
213,CRP is not predictive of postoperative mortality following Coronary Artery Bypass Graft (CABG) surgery.,13625993,
216,CX3CR1 on the Th2 cells impairs T cell survival,21366394,CONTRADICT
217,CX3CR1 on the Th2 cells promotes T cell survival,21366394,SUPPORT
218,CX3CR1 on the Th2 cells promotes airway inflammation.,21366394,SUPPORT
218,CX3CR1 on the Th2 cells promotes airway inflammation.,21366394,SUPPORT
218,CX3CR1 on the Th2 cells promotes airway inflammation.,21366394,SUPPORT
219,CX3CR1 on the Th2 cells suppresses airway inflammation.,21366394,CONTRADICT
219,CX3CR1 on the Th2 cells suppresses airway inflammation.,21366394,CONTRADICT
230,Carriers of the alcohol aldehyde dehydrogenase deficiency mutation drink less that non-carries.,3067015,SUPPORT
232,Cataract and trachoma are the primary cause of blindness in Southern Sudan.,10536636,
233,Cell autonomous sex determination in somatic cells does not occur in Galliformes.,4388470,CONTRADICT
233,Cell autonomous sex determination in somatic cells does not occur in Galliformes.,4388470,CONTRADICT
233,Cell autonomous sex determination in somatic cells does not occur in Galliformes.,4388470,CONTRADICT
236,Cell autonomous sex determination in somatic cells occurs in Passeriformes.,4388470,SUPPORT
236,Cell autonomous sex determination in somatic cells occurs in Passeriformes.,4388470,SUPPORT
236,Cell autonomous sex determination in somatic cells occurs in Passeriformes.,4388470,SUPPORT
237,Cells lacking clpC have a defect in sporulation efficiency in Bacillus subtilis.,4942718,
238,Cells undergoing methionine restriction may activate miRNAs.,2251426,
239,Cellular aging closely links to an older appearance.,14079881,SUPPORT
239,Cellular aging closely links to an older appearance.,14079881,SUPPORT
248,Chenodeosycholic acid treatment increases whole-body energy expenditure.,1568684,SUPPORT
248,Chenodeosycholic acid treatment increases whole-body energy expenditure.,1568684,SUPPORT
249,Chenodeosycholic acid treatment reduces whole-body energy expenditure.,1568684,CONTRADICT
249,Chenodeosycholic acid treatment reduces whole-body energy expenditure.,1568684,CONTRADICT
261,"Chronic aerobic exercise alters endothelial function, improving vasodilating mechanisms mediated by NO.",1122279,SUPPORT
261,"Chronic aerobic exercise alters endothelial function, improving vasodilating mechanisms mediated by NO.",10697096,SUPPORT
261,"Chronic aerobic exercise alters endothelial function, improving vasodilating mechanisms mediated by NO.",1122279,SUPPORT
261,"Chronic aerobic exercise alters endothelial function, improving vasodilating mechanisms mediated by NO.",10697096,SUPPORT
268,Cold exposure increases BAT recruitment.,970012,
269,Cold exposure reduces BAT recruitment.,970012,
274,Combination nicotine replacement therapies with varenicline or bupropion lead to significantly higher long-term abstinence rates at 52 weeks than varenicline monotherapy.,11614737,CONTRADICT
274,Combination nicotine replacement therapies with varenicline or bupropion lead to significantly higher long-term abstinence rates at 52 weeks than varenicline monotherapy.,11614737,CONTRADICT
275,Combining phosphatidylinositide 3-kinase and MEK 1/2 inhibitors is effective at treating KRAS mutant tumors.,4961038,SUPPORT
275,Combining phosphatidylinositide 3-kinase and MEK 1/2 inhibitors is effective at treating KRAS mutant tumors.,14241418,SUPPORT
275,Combining phosphatidylinositide 3-kinase and MEK 1/2 inhibitors is effective at treating KRAS mutant tumors.,14819804,SUPPORT
275,Combining phosphatidylinositide 3-kinase and MEK 1/2 inhibitors is effective at treating KRAS mutant tumors.,4961038,SUPPORT
275,Combining phosphatidylinositide 3-kinase and MEK 1/2 inhibitors is effective at treating KRAS mutant tumors.,14241418,SUPPORT
275,Combining phosphatidylinositide 3-kinase and MEK 1/2 inhibitors is effective at treating KRAS mutant tumors.,14819804,SUPPORT
275,Combining phosphatidylinositide 3-kinase and MEK 1/2 inhibitors is effective at treating KRAS mutant tumors.,4961038,SUPPORT
275,Combining phosphatidylinositide 3-kinase and MEK 1/2 inhibitors is effective at treating KRAS mutant tumors.,14241418,SUPPORT
275,Combining phosphatidylinositide 3-kinase and MEK 1/2 inhibitors is effective at treating KRAS mutant tumors.,14819804,SUPPORT
279,Commelina yellow mottle virus' (ComYMV) genome consists of 7489 baise pairs.,14376683,SUPPORT
294,Crossover hot spots are not found within gene promoters in Saccharomyces cerevisiae.,10874408,
295,Crosstalk between dendritic cells (DCs) and innate lymphoid cells (ILCs) is important in the regulation of intestinal homeostasis.,20310709,SUPPORT
295,Crosstalk between dendritic cells (DCs) and innate lymphoid cells (ILCs) is important in the regulation of intestinal homeostasis.,20310709,SUPPORT
298,Cytochrome c is released from the mitochondrial intermembrane space to cytosol during apoptosis.,39381118,SUPPORT
300,Cytosolic proteins bind to iron-responsive elements on mRNAs coding for DMT1. Cytosolic proteins bind to iron-responsive elements on mRNAs coding for proteins involved in iron uptake.,3553087,
303,DMRT1 is a sex-determining gene that is epigenetically regulated by the MHM region.,4388470,
312,De novo assembly of sequence data has more specific contigs than unassembled sequence data.,6173523,
314,Deamination of cytidine to uridine on the minus strand of viral DNA results in catastrophic G-to-A mutations in the viral genome.,4347374,SUPPORT
324,Deleting Raptor reduces G-CSF levels.,2014909,
327,Deletion of αvβ8 does not result in a spontaneous inflammatory phenotype.,17997584,SUPPORT
338,Dexamethasone decreases risk of postoperative bleeding.,23349986,CONTRADICT
338,Dexamethasone decreases risk of postoperative bleeding.,23349986,CONTRADICT
338,Dexamethasone decreases risk of postoperative bleeding.,23349986,CONTRADICT
343,Diabetic patients with acute coronary syndrome experience increased short-term and long-term risk for bleeding events.,7873737,SUPPORT
343,Diabetic patients with acute coronary syndrome experience increased short-term and long-term risk for bleeding events.,5884524,SUPPORT
350,Discrimination between the initiator and elongation tRNAs depends on the translation initiation factor IF3.,16927286,
354,Downregulation and mislocalization of Scribble prevents cell transformation and mammary tumorigenesis.,8774475,
362,During the primary early antibody response activated B cells migrate toward the inner-and outer paracortical areas where oxysterol accumulation is generated by stromal cells.,38587347,
380,Enhanced early production of inflammatory chemokines improves viral control in the lung.,19005293,SUPPORT
384,Epidemiological disease burden from noncommunicable diseases is more prevalent in low economic settings.,13770184,
385,Epigenetic modulating agents (EMAs) modulate antitumor immune response in a cancer model system.,9955779,SUPPORT
385,Epigenetic modulating agents (EMAs) modulate antitumor immune response in a cancer model system.,9767444,SUPPORT
386,Errors in peripheral IV drug administration are most common during bolus administration and multiple-step medicine preparations.,16495649,SUPPORT
386,Errors in peripheral IV drug administration are most common during bolus administration and multiple-step medicine preparations.,16495649,SUPPORT
388,Ethanol stress decreases the expression of IBP in bacteria.,1148122,
399,Exposure to fine particulate air pollution is relate to anxiety prevalence.,791050,SUPPORT
399,Exposure to fine particulate air pollution is relate to anxiety prevalence.,791050,SUPPORT
410,Febrile seizures increase the threshold for development of epilepsy.,14924526,
411,Febrile seizures reduce the threshold for development of epilepsy.,14924526,
415,Female carriers of the Apolipoprotein E4 (APOE4) allele have increased risk for dementia.,6309659,SUPPORT
421,Flexible molecules experience greater steric hindrance in the tumor microenviroment than rigid molecules.,11172205,
431,FoxO3a activation in neuronal death is mediated by reactive oxygen species (ROS).,28937856,SUPPORT
436,Free histones are degraded by a Rad53-dependent mechanism once DNA has been replicated.,14637235,SUPPORT
436,Free histones are degraded by a Rad53-dependent mechanism once DNA has been replicated.,14637235,SUPPORT
437,Functional consequences of genomic alterations due to Myelodysplastic syndrome (MDS) are poorly understood due to the lack of an animal model.,18399038,
439,Fz/PCP-dependent Pk localizes to the anterior membrane of neuroectoderm cells during zebrafish neuralation,4423559,
440,Fz/PCP-dependent Pk localizes to the anterior membrane of notochord cells during zebrafish neuralation.,4423559,
443,GATA-3 is important for hematopoietic stem cell (HSC) function.,10165258,SUPPORT
452,Gene expression does not vary appreciably across genetically identical cells.,12804937,CONTRADICT
452,Gene expression does not vary appreciably across genetically identical cells.,464511,CONTRADICT
452,Gene expression does not vary appreciably across genetically identical cells.,12804937,CONTRADICT
452,Gene expression does not vary appreciably across genetically identical cells.,464511,CONTRADICT
475,Glycolysis is one of the primary glycometabolic pathways in cells.,18678095,SUPPORT
478,Golli-deficient T-cells prefer to differentiate into an anergic phenotype in the adaptive immune response when there are increased levels of Ca2+ in the cytosol.,14767844,
491,HNF4A mutations can cause diabetes in mutant carriers by the age of 14 years,56893404,
501,Headaches are not correlated with cognitive impairment.,17930286,SUPPORT
502,"Healthcare delivery efficiency in crowded delivery centers is impaired by improving structural, logistical, and interpersonal elements.",13071728,
507,Helminths interfere with immune system control of macrophages activated by IL-4 favor Mycobacterium tuberculosis replication.,30774694,
508,Hematopoietic Stem Cell purification reaches purity rate of up to 50%.,13980338,
513,High cardiopulmonary fitness causes increased mortality rate.,13230773,CONTRADICT
514,High dietary calcium intakes are unnecessary for prevention of secondary hyperparathyroidism in subjects with 25(OH)D levels above 75 nmol/liter.,16256507,
516,High levels of CRP reduces the risk of exacerbations in chronic obstructive pulmonary disease (COPD).,29564505,CONTRADICT
516,High levels of CRP reduces the risk of exacerbations in chronic obstructive pulmonary disease (COPD).,29564505,CONTRADICT
517,High levels of copeptin decrease risk of diabetes.,15663829,
521,High-sensitivity cardiac troponin T (HSCT-T) dosage may not be diagnostic if the onset of symptoms occurs less than 3 hours before acute myocardial injury (AMI).,34873974,SUPPORT
525,Histone demethylase recruitment and a transient decrease in histone methylation is necessary for ligand-dependent induction of transcription by nuclear receptors.,13639330,SUPPORT
527,Homozygous deletion of murine Sbds gene from osterix-expressing mesenchymal stem and progenitor cells (MPCs) prevents oxidative stress.,3863543,
528,Human T-lymphotropic virus type-I-associated myelopathy / tropical spastic paraparesis (HAM/TSP) patients produce Immunoglobulin G (IgG) antibodies which cross-react with an immunodominant epitope in Tax.,5476778,SUPPORT
532,Hyperfibrinogenemia decreases rates of femoropopliteal bypass thrombosis.,12991445,CONTRADICT
532,Hyperfibrinogenemia decreases rates of femoropopliteal bypass thrombosis.,12991445,CONTRADICT
532,Hyperfibrinogenemia decreases rates of femoropopliteal bypass thrombosis.,12991445,CONTRADICT
532,Hyperfibrinogenemia decreases rates of femoropopliteal bypass thrombosis.,12991445,CONTRADICT
533,Hyperfibrinogenemia increases rates of femoropopliteal bypass thrombosis.,12991445,SUPPORT
533,Hyperfibrinogenemia increases rates of femoropopliteal bypass thrombosis.,12991445,SUPPORT
533,Hyperfibrinogenemia increases rates of femoropopliteal bypass thrombosis.,12991445,SUPPORT
533,Hyperfibrinogenemia increases rates of femoropopliteal bypass thrombosis.,12991445,SUPPORT
535,Hypertension is frequently observed in type 1 diabetes patients.,39368721,
536,Hypocretin neurones induce panicprone state in rats.,16056514,SUPPORT
539,Hypoglycemia increases the risk of dementia.,13282296,SUPPORT
539,Hypoglycemia increases the risk of dementia.,13282296,SUPPORT
540,Hypothalamic glutamate neurotransmission is crucial to energy balance.,11886686,SUPPORT
540,Hypothalamic glutamate neurotransmission is crucial to energy balance.,25007443,SUPPORT
544,IFIT1 restricts viral replication by sequestrating mis-capped viral RNAs.,24221369,
549,IRG1 has antiviral effects against neurotropic viruses.,9433958,SUPPORT
551,ITAM phosphorylation prevents the transfer of the T cell receptor (TCR) signal from the echo-domain to the cytoplasmic tail of the T cell receptor (TCR).,33499189,
552,IgA plasma cells that are specific for transglutaminase 2 accumulate in the duodenal mucosa on commencement of a gluten-free diet.,1471041,
554,Immune complex triggered cell death leads to extracellular release of neutrophil protein HMGB1.,1049501,
560,Immune responses result in the development of inflammatory Th17 cells and anti-inflammatory iTregs.,40096222,
569,"In adult tissue, most T cells are memory T cells.",23460562,SUPPORT
575,"In domesticated populations of Saccharomyces cerevisiae, whole chromosome aneuploidy is very uncommon.",10300888,
577,"In mice, P. chabaudi parasites are able to proliferate faster early in infection when inoculated at lower numbers than when inoculated at high numbers.",5289038,
578,"In mouse models, the loss of CSF1R facilitates MOZ-TIF2-induced leuekmogenesis.",8764879,CONTRADICT
578,"In mouse models, the loss of CSF1R facilitates MOZ-TIF2-induced leuekmogenesis.",8764879,CONTRADICT
578,"In mouse models, the loss of CSF1R facilitates MOZ-TIF2-induced leuekmogenesis.",8764879,CONTRADICT
587,"In transgenic mice harboring green florescent protein under the control of the Sox2 promoter, less than ten percent of the cells with green florescent colocalize with cell proliferation markers.",16999023,
589,"In young and middle-aged adults, current or remote uses of ADHD medications do not increase the risk of serious cardiovascular events.",10984005,SUPPORT
589,"In young and middle-aged adults, current or remote uses of ADHD medications do not increase the risk of serious cardiovascular events.",10984005,SUPPORT
593,Incidence of heart failure decreased by 10% in women since 1979.,19675911,SUPPORT
597,Incidence rates of cervical cancer have decreased.,12779444,SUPPORT
597,Incidence rates of cervical cancer have decreased.,36355784,SUPPORT
597,Incidence rates of cervical cancer have decreased.,25742130,SUPPORT
597,Incidence rates of cervical cancer have decreased.,12779444,SUPPORT
597,Incidence rates of cervical cancer have decreased.,36355784,SUPPORT
597,Incidence rates of cervical cancer have decreased.,25742130,SUPPORT
597,Incidence rates of cervical cancer have decreased.,12779444,SUPPORT
597,Incidence rates of cervical cancer have decreased.,36355784,SUPPORT
597,Incidence rates of cervical cancer have decreased.,25742130,SUPPORT
598,Incidence rates of cervical cancer have increased due to nationwide screening programs based primarily on cytology to detect uterine cervical cancer.,25742130,CONTRADICT
598,Incidence rates of cervical cancer have increased due to nationwide screening programs based primarily on cytology to detect uterine cervical cancer.,25742130,CONTRADICT
613,Increased microtubule acetylation repairs LRRK2 Roc-COR domain mutation induced locomotor deficits.,9638032,SUPPORT
619,Increased vessel density along with a reduction in fibrosis decreases the efficacy of chemotherapy treatments.,20888849,CONTRADICT
619,Increased vessel density along with a reduction in fibrosis decreases the efficacy of chemotherapy treatments.,2565138,CONTRADICT
623,Individuals with low serum vitamin D concentrations have increased risk of multiple sclerosis.,17000834,
628,Infection of human T-cell lymphotropic virus type 1 is most frequent in individuals of African origin.,24512064,
636,"Inositol lipid 3-phosphatase PTEN converts Ptdlns(3,4)P 2 into phosphatidylinositol 4-phosphate.",24294572,SUPPORT
637,Input from  mental and physical health care professionals is effective at decreasing homelessness.,25649714,
641,Insomnia can be effectively treated with cognitive behavioral therapy.,5912283,SUPPORT
641,Insomnia can be effectively treated with cognitive behavioral therapy.,31554917,SUPPORT
641,Insomnia can be effectively treated with cognitive behavioral therapy.,5912283,SUPPORT
641,Insomnia can be effectively treated with cognitive behavioral therapy.,31554917,SUPPORT
641,Insomnia can be effectively treated with cognitive behavioral therapy.,5912283,SUPPORT
641,Insomnia can be effectively treated with cognitive behavioral therapy.,31554917,SUPPORT
641,Insomnia can be effectively treated with cognitive behavioral therapy.,5912283,SUPPORT
641,Insomnia can be effectively treated with cognitive behavioral therapy.,31554917,SUPPORT
644,Insulin increases risk of severe kidney failure.,13619127,
649,Integrating classroom-based collaborative learning with Web-based collaborative learning leads to subpar class performance,12789595,
659,Ivermectin is used to treat lymphatic filariasis.,1215116,
660,Ivermectin is used to treat onchocerciasis.,1215116,
674,LDL cholesterol has no involvement in the development of cardiovascular disease.,2095573,CONTRADICT
684,Lack of clpC does not affect sporulation efficiency in Bacillus subtilis cells.,4942718,
690,Less than 10% of the gabonese children with Schimmelpenning-Feuerstein-Mims syndrome (SFM) had a plasma lactate of more than 5mmol/L.,18750453,
691,Leukemia associated Rho guanine nucleotide-exchange factor represses RhoA in response to SRC activation.,10991183,
692,Leuko-increased blood increases infectious complications in red blood cell transfusion.,24088502,CONTRADICT
692,Leuko-increased blood increases infectious complications in red blood cell transfusion.,24088502,CONTRADICT
692,Leuko-increased blood increases infectious complications in red blood cell transfusion.,24088502,CONTRADICT
693,Leuko-reduced blood reduces infectious complications in red blood cell transfusion.,24088502,SUPPORT
693,Leuko-reduced blood reduces infectious complications in red blood cell transfusion.,24088502,SUPPORT
693,Leuko-reduced blood reduces infectious complications in red blood cell transfusion.,24088502,SUPPORT
700,Localization of PIN1 in the Arabidopsis embryo does not require VPS9a,4350400,
702,Localization of PIN1 in the roots of Arabidopsis does not require VPS9a,4350400,
715,Low expression of miR7a does represses target genes and exerts a biological function in ovaries.,18421962,
716,Low expression of miR7a exerts a biological function in testis.,18421962,
718,Low nucleosome occupancy correlates with low methylation levels across species.,17587795,CONTRADICT
721,Lupus-prone mice infected with curliproducing bacteria have higher autoantibody titers compared to controls.,1834762,SUPPORT
723,Ly49Q directs the organization of neutrophil migration to inflammation sites by regulating membrane raft functions.,5531479,SUPPORT
723,Ly49Q directs the organization of neutrophil migration to inflammation sites by regulating membrane raft functions.,5531479,SUPPORT
727,Ly6C hi monocytes have a lower inflammatory capacity compared to their Ly6C lo counterparts.,7521113,
728,Ly6C hi monocytes have a lower inflammatory capacity than Ly6C lo monocytes.,7521113,CONTRADICT
728,Ly6C hi monocytes have a lower inflammatory capacity than Ly6C lo monocytes.,36444198,CONTRADICT
728,Ly6C hi monocytes have a lower inflammatory capacity than Ly6C lo monocytes.,7521113,CONTRADICT
728,Ly6C hi monocytes have a lower inflammatory capacity than Ly6C lo monocytes.,36444198,CONTRADICT
729,Lymphadenopathy is observed in knockin mouse lacking the SHP-2 MAPK pathway.,26851674,SUPPORT
742,Macrolides have no protective effect against myocardial infarction.,32159283,SUPPORT
743,Macrolides protect against myocardial infarction.,32159283,CONTRADICT
744,Macropinocytosis contributes to a cell's supply of amino acids via the intracellular uptake of protein.,8460275,SUPPORT
756,Many proteins in human cells can be post-translationally modified at lysine residues via acetylation.,2831620,SUPPORT
759,Mathematical models predict that using Artemisinin-based combination therapy over nongametocytocidal drugs have a dramatic impact in reducing malaria transmission.,1805641,CONTRADICT
768,Mercaptopurine is anabolized into the inactive methylmercaptopurine by thiopurine methyltrasnferase (TPMT).,6421792,
770,Metastatic colorectal cancer treated with a single agent fluoropyrimidines resulted in reduced efficacy and lower quality of life when compared with oxaliplatin-based chemotherapy in elderly patients.,15476777,SUPPORT
775,Mice defective for deoxyribonucleic acid (DNA) polymerase I (polI) reveal increased sensitivity to ionizing radiation (IR).,32275758,
781,Mice that lack Interferon-γ or its receptor exhibit high resistance to experimental autoimmune myocarditis.,24338780,CONTRADICT
781,Mice that lack Interferon-γ or its receptor exhibit high resistance to experimental autoimmune myocarditis.,24338780,CONTRADICT
781,Mice that lack Interferon-γ or its receptor exhibit high resistance to experimental autoimmune myocarditis.,24338780,CONTRADICT
783,Mice without IFN-γ or its receptor are resistant to EAM induced with α-MyHC/CFA.,40632104,
784,MicroRNA is involved in the regulation of Neural Stem Cell (NSC) differentiation and proliferation dynamic homeostasis,2356950,SUPPORT
785,Microarray results from culture-amplified mixtures of serotypes correlate poorly with microarray results from uncultured mixtures.,12471115,
793,Mitochondria are uninvolved in apoptosis.,8551160,CONTRADICT
800,Modifying the epigenome in the brain affects the normal human aging process by affecting certain genes related to neurogenesis.,22543403,
805,Monoclonal antibody targeting of N-cadherin inhibits metastasis.,22180793,SUPPORT
805,Monoclonal antibody targeting of N-cadherin inhibits metastasis.,22180793,SUPPORT
808,Most termination events in Okazaki fragments are sequence specific.,36606083,SUPPORT
811,Mutant mice lacking SVCT2 have greatly increased ascorbic acid levels in both brain and adrenals.,19799455,CONTRADICT
811,Mutant mice lacking SVCT2 have greatly increased ascorbic acid levels in both brain and adrenals.,19799455,CONTRADICT
814,"Mutations in G-Beta protein GNB2 are present in many cancers, resulting in loss of interaction with G-alpha subunits and concomitant activation of AKT pathway.",33387953,
820,N-terminal cleavage increases success identifying transcription start sites.,8646760,
821,N-terminal cleavage reduces success identifying transcription start sites.,8646760,
823,N348I mutations cause resistance to zidovudine (AZT).,15319019,SUPPORT
830,NF2 (Merlin) causes phosphorylation and subsequent cytoplasmic sequestration of YAP in Drosophila by activating LATS1/2 kinases.,1897324,
831,NF2 (Merlin) prevents phosphorylation and subsequent cytoplasmic sequestration of YAP in Drosophila.,1897324,
832,NFAT4 activation requires IP3R-mediated Ca2+ mobilization.,30303335,SUPPORT
832,NFAT4 activation requires IP3R-mediated Ca2+ mobilization.,30303335,SUPPORT
832,NFAT4 activation requires IP3R-mediated Ca2+ mobilization.,30303335,SUPPORT
834,NOX2-independent pathways can generate peroxynitrite by reacting with nitrogen intermediates.,5483793,
837,NR5A2 is important in development of endometrial tissues.,15928989,SUPPORT
837,NR5A2 is important in development of endometrial tissues.,15928989,SUPPORT
839,Nanoparticles can be targeted against specific cell types by incorporating aptamers into lipid nanoparticles.,1469751,SUPPORT
839,Nanoparticles can be targeted against specific cell types by incorporating aptamers into lipid nanoparticles.,1469751,SUPPORT
845,Neutrophil extracellular traps (NETs) are released by ANCA-stimulated neutrophils.,17741440,SUPPORT
847,New drugs for tuberculosis often do not penetrate the necrotic portion of a tuberculosis lesion in high concentrations.,16787954,CONTRADICT
852,Non-invasive ventilation use should be decreased if there is inadequate response to conventional treatment.,13843341,CONTRADICT
852,Non-invasive ventilation use should be decreased if there is inadequate response to conventional treatment.,13843341,CONTRADICT
859,Normal expression of RUNX1 has tumor-promoting effects.,1982286,CONTRADICT
870,Obesity decreases life quality.,195689316,
873,Obesity is determined solely by environmental factors.,1180972,CONTRADICT
873,Obesity is determined solely by environmental factors.,19307912,CONTRADICT
873,Obesity is determined solely by environmental factors.,27393799,CONTRADICT
873,Obesity is determined solely by environmental factors.,29025270,CONTRADICT
873,Obesity is determined solely by environmental factors.,3315558,CONTRADICT
873,Obesity is determined solely by environmental factors.,1180972,CONTRADICT
873,Obesity is determined solely by environmental factors.,19307912,CONTRADICT
873,Obesity is determined solely by environmental factors.,27393799,CONTRADICT
873,Obesity is determined solely by environmental factors.,29025270,CONTRADICT
873,Obesity is determined solely by environmental factors.,3315558,CONTRADICT
873,Obesity is determined solely by environmental factors.,1180972,CONTRADICT
873,Obesity is determined solely by environmental factors.,19307912,CONTRADICT
873,Obesity is determined solely by environmental factors.,27393799,CONTRADICT
873,Obesity is determined solely by environmental factors.,29025270,CONTRADICT
873,Obesity is determined solely by environmental factors.,3315558,CONTRADICT
873,Obesity is determined solely by environmental factors.,1180972,CONTRADICT
873,Obesity is determined solely by environmental factors.,19307912,CONTRADICT
873,Obesity is determined solely by environmental factors.,27393799,CONTRADICT
873,Obesity is determined solely by environmental factors.,29025270,CONTRADICT
873,Obesity is determined solely by environmental factors.,3315558,CONTRADICT
873,Obesity is determined solely by environmental factors.,1180972,CONTRADICT
873,Obesity is determined solely by environmental factors.,19307912,CONTRADICT
873,Obesity is determined solely by environmental factors.,27393799,CONTRADICT
873,Obesity is determined solely by environmental factors.,29025270,CONTRADICT
873,Obesity is determined solely by environmental factors.,3315558,CONTRADICT
873,Obesity is determined solely by environmental factors.,1180972,CONTRADICT
873,Obesity is determined solely by environmental factors.,19307912,CONTRADICT
873,Obesity is determined solely by environmental factors.,27393799,CONTRADICT
873,Obesity is determined solely by environmental factors.,29025270,CONTRADICT
873,Obesity is determined solely by environmental factors.,3315558,CONTRADICT
873,Obesity is determined solely by environmental factors.,1180972,CONTRADICT
873,Obesity is determined solely by environmental factors.,19307912,CONTRADICT
873,Obesity is determined solely by environmental factors.,27393799,CONTRADICT
873,Obesity is determined solely by environmental factors.,29025270,CONTRADICT
873,Obesity is determined solely by environmental factors.,3315558,CONTRADICT
873,Obesity is determined solely by environmental factors.,1180972,CONTRADICT
873,Obesity is determined solely by environmental factors.,19307912,CONTRADICT
873,Obesity is determined solely by environmental factors.,27393799,CONTRADICT
873,Obesity is determined solely by environmental factors.,29025270,CONTRADICT
873,Obesity is determined solely by environmental factors.,3315558,CONTRADICT
873,Obesity is determined solely by environmental factors.,1180972,CONTRADICT
873,Obesity is determined solely by environmental factors.,19307912,CONTRADICT
873,Obesity is determined solely by environmental factors.,27393799,CONTRADICT
873,Obesity is determined solely by environmental factors.,29025270,CONTRADICT
873,Obesity is determined solely by environmental factors.,3315558,CONTRADICT
873,Obesity is determined solely by environmental factors.,1180972,CONTRADICT
873,Obesity is determined solely by environmental factors.,19307912,CONTRADICT
873,Obesity is determined solely by environmental factors.,27393799,CONTRADICT
873,Obesity is determined solely by environmental factors.,29025270,CONTRADICT
873,Obesity is determined solely by environmental factors.,3315558,CONTRADICT
873,Obesity is determined solely by environmental factors.,1180972,CONTRADICT
873,Obesity is determined solely by environmental factors.,19307912,CONTRADICT
873,Obesity is determined solely by environmental factors.,27393799,CONTRADICT
873,Obesity is determined solely by environmental factors.,29025270,CONTRADICT
873,Obesity is determined solely by environmental factors.,3315558,CONTRADICT
879,Occupancy of ribosomes by IncRNAs do not make functional peptides.,8426046,CONTRADICT
880,Occupancy of ribosomes by IncRNAs mirror 5 0-UTRs,8426046,SUPPORT
882,Omnivores produce less trimethylamine N-oxide from dietary I-carnitine than vegetarians.,14803797,CONTRADICT
887,Only a minority of cells survive development after differentiation into stress-resistant spores.,18855191,
903,PD-1 triggering on monocytes reduces IL-10 production by monocytes.,10648422,CONTRADICT
903,PD-1 triggering on monocytes reduces IL-10 production by monocytes.,10648422,CONTRADICT
904,PDPN promotes efficient motility along stromal surfaces by activating the C-type lectin receptor to rearrange the actin cytoskeleton in dendritic cells.,7370282,SUPPORT
907,PGE 2 promotes intestinal tumor growth by altering the expression of tumor suppressing and DNA repair genes.,6923961,
911,PKG-la plays an essential role in expression of pain hypersensitivity in PGK-la knockout mice.,11254556,SUPPORT
911,PKG-la plays an essential role in expression of pain hypersensitivity in PGK-la knockout mice.,11254556,SUPPORT
913,PPAR-RXRs are inhibited by PPAR ligands.,3203590,
914,PPAR-RXRs can be activated by PPAR ligands.,3203590,
921,Participating in six months of physical activity improves cognitive functioning.,1642727,SUPPORT
921,Participating in six months of physical activity improves cognitive functioning.,1642727,SUPPORT
921,Participating in six months of physical activity improves cognitive functioning.,1642727,SUPPORT
922,Patients in stable partnerships have a faster progression from HIV to AIDS.,17077004,CONTRADICT
922,Patients in stable partnerships have a faster progression from HIV to AIDS.,17077004,CONTRADICT
936,Peroxynitrite is required for nitration of TCR/CD8.,5483793,SUPPORT
956,Pleiotropic coupling of GLP-1R to intracellular effectors promotes distinct profiles of cellular signaling.,12956194,
957,Podocytes are motile and migrate in the presence of injury.,123859,SUPPORT
960,Polymeal nutrition reduces cardiovascular mortality.,8780599,SUPPORT
960,Polymeal nutrition reduces cardiovascular mortality.,8780599,SUPPORT
967,Pretreatment with the Arp2/3 inhibitor CK-666 affects lamelliopodia formation.,2119889,SUPPORT
967,Pretreatment with the Arp2/3 inhibitor CK-666 affects lamelliopodia formation.,8997410,SUPPORT
971,Primary cervical cancer screening with HPV detection has higher longitudinal sensitivity than conventional cytology to detect cervical intraepithelial neoplasia grade 2.,46695481,SUPPORT
971,Primary cervical cancer screening with HPV detection has higher longitudinal sensitivity than conventional cytology to detect cervical intraepithelial neoplasia grade 2.,27873158,SUPPORT
971,Primary cervical cancer screening with HPV detection has higher longitudinal sensitivity than conventional cytology to detect cervical intraepithelial neoplasia grade 2.,28617573,SUPPORT
971,Primary cervical cancer screening with HPV detection has higher longitudinal sensitivity than conventional cytology to detect cervical intraepithelial neoplasia grade 2.,9764256,SUPPORT
971,Primary cervical cancer screening with HPV detection has higher longitudinal sensitivity than conventional cytology to detect cervical intraepithelial neoplasia grade 2.,46695481,SUPPORT
971,Primary cervical cancer screening with HPV detection has higher longitudinal sensitivity than conventional cytology to detect cervical intraepithelial neoplasia grade 2.,27873158,SUPPORT
971,Primary cervical cancer screening with HPV detection has higher longitudinal sensitivity than conventional cytology to detect cervical intraepithelial neoplasia grade 2.,28617573,SUPPORT
971,Primary cervical cancer screening with HPV detection has higher longitudinal sensitivity than conventional cytology to detect cervical intraepithelial neoplasia grade 2.,9764256,SUPPORT
971,Primary cervical cancer screening with HPV detection has higher longitudinal sensitivity than conventional cytology to detect cervical intraepithelial neoplasia grade 2.,46695481,SUPPORT
971,Primary cervical cancer screening with HPV detection has higher longitudinal sensitivity than conventional cytology to detect cervical intraepithelial neoplasia grade 2.,27873158,SUPPORT
971,Primary cervical cancer screening with HPV detection has higher longitudinal sensitivity than conventional cytology to detect cervical intraepithelial neoplasia grade 2.,28617573,SUPPORT
971,Primary cervical cancer screening with HPV detection has higher longitudinal sensitivity than conventional cytology to detect cervical intraepithelial neoplasia grade 2.,9764256,SUPPORT
971,Primary cervical cancer screening with HPV detection has higher longitudinal sensitivity than conventional cytology to detect cervical intraepithelial neoplasia grade 2.,46695481,SUPPORT
971,Primary cervical cancer screening with HPV detection has higher longitudinal sensitivity than conventional cytology to detect cervical intraepithelial neoplasia grade 2.,27873158,SUPPORT
971,Primary cervical cancer screening with HPV detection has higher longitudinal sensitivity than conventional cytology to detect cervical intraepithelial neoplasia grade 2.,28617573,SUPPORT
971,Primary cervical cancer screening with HPV detection has higher longitudinal sensitivity than conventional cytology to detect cervical intraepithelial neoplasia grade 2.,9764256,SUPPORT
971,Primary cervical cancer screening with HPV detection has higher longitudinal sensitivity than conventional cytology to detect cervical intraepithelial neoplasia grade 2.,46695481,SUPPORT
971,Primary cervical cancer screening with HPV detection has higher longitudinal sensitivity than conventional cytology to detect cervical intraepithelial neoplasia grade 2.,27873158,SUPPORT
971,Primary cervical cancer screening with HPV detection has higher longitudinal sensitivity than conventional cytology to detect cervical intraepithelial neoplasia grade 2.,28617573,SUPPORT
971,Primary cervical cancer screening with HPV detection has higher longitudinal sensitivity than conventional cytology to detect cervical intraepithelial neoplasia grade 2.,9764256,SUPPORT
971,Primary cervical cancer screening with HPV detection has higher longitudinal sensitivity than conventional cytology to detect cervical intraepithelial neoplasia grade 2.,46695481,SUPPORT
971,Primary cervical cancer screening with HPV detection has higher longitudinal sensitivity than conventional cytology to detect cervical intraepithelial neoplasia grade 2.,27873158,SUPPORT
971,Primary cervical cancer screening with HPV detection has higher longitudinal sensitivity than conventional cytology to detect cervical intraepithelial neoplasia grade 2.,28617573,SUPPORT
971,Primary cervical cancer screening with HPV detection has higher longitudinal sensitivity than conventional cytology to detect cervical intraepithelial neoplasia grade 2.,9764256,SUPPORT
971,Primary cervical cancer screening with HPV detection has higher longitudinal sensitivity than conventional cytology to detect cervical intraepithelial neoplasia grade 2.,46695481,SUPPORT
971,Primary cervical cancer screening with HPV detection has higher longitudinal sensitivity than conventional cytology to detect cervical intraepithelial neoplasia grade 2.,27873158,SUPPORT
971,Primary cervical cancer screening with HPV detection has higher longitudinal sensitivity than conventional cytology to detect cervical intraepithelial neoplasia grade 2.,28617573,SUPPORT
971,Primary cervical cancer screening with HPV detection has higher longitudinal sensitivity than conventional cytology to detect cervical intraepithelial neoplasia grade 2.,9764256,SUPPORT
975,Primary pro-inflammatory cytokines induce secondary pro- and anti-inflammatory mediators.,5304891,
982,Proteins synthesized at the growth cone are ubiquitinated at a higher rate than proteins from the cell body.,2988714,SUPPORT
985,Pseudogene PTENP1 regulates the expression of PTEN by functioning as an miRNA decoy.,6828370,SUPPORT
993,Pyridostatin destabilizes the G - quadruplex in the telomeric region.,16472469,CONTRADICT
1012,Radioiodine treatment of non-toxic multinodular goitre reduces thyroid volume.,9745001,SUPPORT
1012,Radioiodine treatment of non-toxic multinodular goitre reduces thyroid volume.,9745001,SUPPORT
1014,Rapamycin decreases the concentration of triacylglycerols in fruit flies.,6277638,
1019,Rapid phosphotransfer rates govern fidelity in two component systems,11603066,SUPPORT
1020,Rapid up-regulation and higher basal expression of interferon-induced genes increase survival of granule cell neurons that are infected by West Nile virus.,9433958,SUPPORT
1021,Rapid up-regulation and higher basal expression of interferon-induced genes reduce survival of granule cell neurons that are infected by West Nile virus.,9433958,CONTRADICT
1024,Recurrent mutations occur frequently within CTCF anchor sites adjacent to oncogenes.,5373138,SUPPORT
1029,Reduced responsiveness to interleukin-2 in regulatory T cells is associated with greater resistance to autoimmune diseases such as Type 1 Diabetes.,13923140,CONTRADICT
1029,Reduced responsiveness to interleukin-2 in regulatory T cells is associated with greater resistance to autoimmune diseases such as Type 1 Diabetes.,13940200,CONTRADICT
1029,Reduced responsiveness to interleukin-2 in regulatory T cells is associated with greater resistance to autoimmune diseases such as Type 1 Diabetes.,11899391,CONTRADICT
1029,Reduced responsiveness to interleukin-2 in regulatory T cells is associated with greater resistance to autoimmune diseases such as Type 1 Diabetes.,13923140,CONTRADICT
1029,Reduced responsiveness to interleukin-2 in regulatory T cells is associated with greater resistance to autoimmune diseases such as Type 1 Diabetes.,13940200,CONTRADICT
1029,Reduced responsiveness to interleukin-2 in regulatory T cells is associated with greater resistance to autoimmune diseases such as Type 1 Diabetes.,11899391,CONTRADICT
1029,Reduced responsiveness to interleukin-2 in regulatory T cells is associated with greater resistance to autoimmune diseases such as Type 1 Diabetes.,13923140,CONTRADICT
1029,Reduced responsiveness to interleukin-2 in regulatory T cells is associated with greater resistance to autoimmune diseases such as Type 1 Diabetes.,13940200,CONTRADICT
1029,Reduced responsiveness to interleukin-2 in regulatory T cells is associated with greater resistance to autoimmune diseases such as Type 1 Diabetes.,11899391,CONTRADICT
1041,Replacement of histone H2A with H2A.Z slows gene activation in yeasts by stabilizing +1 nucleosomes.,25254425,CONTRADICT
1041,Replacement of histone H2A with H2A.Z slows gene activation in yeasts by stabilizing +1 nucleosomes.,16626264,CONTRADICT
1049,Ribosomopathies have a low degree of cell and tissue specific pathology.,12486491,CONTRADICT
1062,S-nitrosylated GAPDH physiologically transnitrosylates histone deacetylases.,20381484,SUPPORT
1086,Sildenafil improves erectile function in men who experience sexual dysfunction as a result of the use of SSRI antidepressants.,39281140,SUPPORT
1086,Sildenafil improves erectile function in men who experience sexual dysfunction as a result of the use of SSRI antidepressants.,39281140,SUPPORT
1086,Sildenafil improves erectile function in men who experience sexual dysfunction as a result of the use of SSRI antidepressants.,39281140,SUPPORT
1088,Silencing of Bcl2 is important for the maintenance and progression of tumors.,37549932,CONTRADICT
1089,Smc5/6 engagment drives the activation of SUMO E3 ligase Mms21 by ATP-dependent remolding.,17628888,SUPPORT
1099,Statins decrease blood cholesterol.,7662206,
1100,Statins increase blood cholesterol.,7662206,
1104,Stroke patients with prior use of direct oral anticoagulants have a lower risk of in-hospital mortality than stroke patients with prior use of warfarin.,3898784,SUPPORT
1104,Stroke patients with prior use of direct oral anticoagulants have a lower risk of in-hospital mortality than stroke patients with prior use of warfarin.,3898784,SUPPORT
1104,Stroke patients with prior use of direct oral anticoagulants have a lower risk of in-hospital mortality than stroke patients with prior use of warfarin.,3898784,SUPPORT
1104,Stroke patients with prior use of direct oral anticoagulants have a lower risk of in-hospital mortality than stroke patients with prior use of warfarin.,3898784,SUPPORT
1107,Subcutaneous fat depots undergo extensive browning processes after cold exposure.,20532591,SUPPORT
1110,Suboptimal nutrition is not predictive of chronic disease,13770184,CONTRADICT
1121,Synaptic activity enhances local release of brain derived neurotrophic factor from postsynaptic dendrites.,4456756,SUPPORT
1130,T regulatory cells (tTregs) lacking αvβ8 are more adept at suppressing pathogenic T-cell responses during active inflammation.,17997584,CONTRADICT
1132,TCR/CD3 microdomains are a required to induce the immunologic synapse to activate T cells.,33499189,SUPPORT
1132,TCR/CD3 microdomains are a required to induce the immunologic synapse to activate T cells.,9283422,SUPPORT
1137,TNFAIP3 is a tumor suppressor in glioblastoma.,33370,CONTRADICT
1137,TNFAIP3 is a tumor suppressor in glioblastoma.,33370,CONTRADICT
1140,Taking 400mg of α-tocopheryl acetate helps to prevent prostate cancer.,12009265,CONTRADICT
1140,Taking 400mg of α-tocopheryl acetate helps to prevent prostate cancer.,12009265,CONTRADICT
1144,Taxation of sugar-sweetened beverages had no effect on the incidence rate of type II diabetes in India.,10071552,CONTRADICT
1144,Taxation of sugar-sweetened beverages had no effect on the incidence rate of type II diabetes in India.,10071552,CONTRADICT
1144,Taxation of sugar-sweetened beverages had no effect on the incidence rate of type II diabetes in India.,10071552,CONTRADICT
1146,Teaching hospitals do not provide better care than non-teaching hospitals.,13906581,SUPPORT
1146,Teaching hospitals do not provide better care than non-teaching hospitals.,13906581,SUPPORT
1146,Teaching hospitals do not provide better care than non-teaching hospitals.,13906581,SUPPORT
1150,Tetraspanin-3 is a causative factor in the development of acute myelogenous leukemia,11369420,SUPPORT
1150,Tetraspanin-3 is a causative factor in the development of acute myelogenous leukemia,11369420,SUPPORT
1150,Tetraspanin-3 is a causative factor in the development of acute myelogenous leukemia,11369420,SUPPORT
1163,The DdrB protein from Deinococcus radiodurans is an alternative SSB.,15305881,SUPPORT
1175,The PPR MDA5 has two N-terminal CARD domains.,31272411,
1179,The PRR MDA5 has a central DExD/H RNA helices domain.,31272411,
1180,The PRR MDA5 is a sensor of RNA virus infection.,31272411,SUPPORT
1185,The US health care system can save up to $750 million if 7% of patients waiting for kidney transplants participate in the optimized national kidney paired donation program.,16737210,SUPPORT
1187,The YAP1 and TEAD complex tanslocates into the nucleus where it interacts with transcription factors and DNA-binding proteins that modulate target gene transcription.,52873726,SUPPORT
1191,The amount of publicly available DNA data doubles every 10 years.,30655442,
1194,The arm density of TatAd complexes is due to structural rearrangements within Class1 TatAd complexes such as the 'charge zipper mechanism'.,11419230,
1196,The availability of safe places to study is effective at decreasing homelessness.,25649714,
1197,The availability of safe places to study is not effective at decreasing homelessness.,25649714,
1199,The benefits of colchicine were achieved with effective widespread use of secondary prevention strategies such as high-dose statins.,16760369,
1200,The binding orientation of the ML-SA1 activator at hTRPML2 is different from the binding orientation of the ML-SA1 activator at hTRPML1.,3441524,
1202,The center of the granuloma in an immune cell induces a pro-inflammatory immune response.,3475317,SUPPORT
1204,The combination of H3K4me3 and H3K79me2 is found in quiescent hair follicle stem cells.,31141365,
1207,The composition of myosin-II isoform switches from the polarizable B isoform to the more homogenous A isoform during hematopoietic differentiation.,18909530,
1213,The deregulated and prolonged activation of monocytes has deleterious effects in inflammatory diseases.,14407673,
1216,The extracellular domain of TMEM27 is cleaved in human beta cells.,24142891,SUPPORT
1221,The genomic aberrations found in matasteses are very similar to those found in the primary tumor.,19736671,CONTRADICT
1225,The locus rs647161 is associated with colorectal carcinoma.,9650982,SUPPORT
1226,"The loss of the TET protein functions may have dire biological consequences, such as myeloid cancers.",13777138,
1232,The minor G allele of FOXO3 is related to more severe symptoms of Crohn's Disease.,13905670,CONTRADICT
1241,The myocardial lineage develops from cardiac progenitors of mesodermal origin.,4427392,SUPPORT
1245,The one-child policy has been successful in lowering population growth.,7662395,
1245,The one-child policy has been successful in lowering population growth.,7662395,
1259,The relationship between a breast cancer patient's capacity to metabolize tamoxifen and treatment outcome is dependent on the patient's genetic make-up.,24341590,SUPPORT
1259,The relationship between a breast cancer patient's capacity to metabolize tamoxifen and treatment outcome is dependent on the patient's genetic make-up.,24341590,SUPPORT
1259,The relationship between a breast cancer patient's capacity to metabolize tamoxifen and treatment outcome is dependent on the patient's genetic make-up.,24341590,SUPPORT
1262,The repair of Cas9-induced double strand breaks in human DNA is error-prone.,44172171,SUPPORT
1266,"The risk of breast cancer among parous women increases with placental weight of pregnancies, and this association is strongest for premenopausal breast cancer.",37480103,SUPPORT
1266,"The risk of breast cancer among parous women increases with placental weight of pregnancies, and this association is strongest for premenopausal breast cancer.",37480103,SUPPORT
1270,The risk of male prisoners harming themselves is ten times that of female prisoners.,13900610,CONTRADICT
1270,The risk of male prisoners harming themselves is ten times that of female prisoners.,13900610,CONTRADICT
1271,The severity of cardiac involvement in amyloidosis can be described by the degree of transmurality of late gadolinium enhancement in MRI.,13768432,SUPPORT
1271,The severity of cardiac involvement in amyloidosis can be described by the degree of transmurality of late gadolinium enhancement in MRI.,13768432,SUPPORT
1272,The single flash-evoked ERG b-wave is generated by activity of ON-bipolar cells.,17081238,
1273,The sliding activity of kinesin-8 protein Kip3 promotes bipolar spindle assembly.,11041152,SUPPORT
1274,The tip of the inner tube of the toxic type VI secretion system (T6SS) antibacterial effector in Escherichia coli (E. coli) carries toxic effector proteins.,12428814,SUPPORT
1274,The tip of the inner tube of the toxic type VI secretion system (T6SS) antibacterial effector in Escherichia coli (E. coli) carries toxic effector proteins.,27731651,SUPPORT
1274,The tip of the inner tube of the toxic type VI secretion system (T6SS) antibacterial effector in Escherichia coli (E. coli) carries toxic effector proteins.,4406819,SUPPORT
1274,The tip of the inner tube of the toxic type VI secretion system (T6SS) antibacterial effector in Escherichia coli (E. coli) carries toxic effector proteins.,12428814,SUPPORT
1274,The tip of the inner tube of the toxic type VI secretion system (T6SS) antibacterial effector in Escherichia coli (E. coli) carries toxic effector proteins.,27731651,SUPPORT
1274,The tip of the inner tube of the toxic type VI secretion system (T6SS) antibacterial effector in Escherichia coli (E. coli) carries toxic effector proteins.,4406819,SUPPORT
1278,The treatment of cancer patients with co-IR blockade does not cause any adverse autoimmune events.,11335781,
1279,The treatment of cancer patients with co-IR blockade precipitates adverse autoimmune events.,11335781,
1280,"The ureABIEFGH gene cluster encodes urease maturation proteins : UreD/UreH, UreE, UreF, and UreG.",4387784,
1281,The ureABIEFGH gene cluster is induced by nickel (II) ion.,4387784,
1282,Therapeutic use of the drug Dapsone to treat pyoderma gangrenous is based on anecdotal evidence.,23649163,
1290,There is an inverse relationship between hip fractures and statin use.,4687948,SUPPORT
1290,There is an inverse relationship between hip fractures and statin use.,4687948,SUPPORT
1290,There is an inverse relationship between hip fractures and statin use.,4687948,SUPPORT
1290,There is an inverse relationship between hip fractures and statin use.,4687948,SUPPORT
1292,There is no association between HNF4A mutations and diabetes risks.,56893404,
1298,Thigh-length graduated compression stockings (GCS) did not reduce deep vein thrombosis in patients admitted to hospital who are immobile because of acute stroke.,11718220,SUPPORT
1298,Thigh-length graduated compression stockings (GCS) did not reduce deep vein thrombosis in patients admitted to hospital who are immobile because of acute stroke.,11718220,SUPPORT
1303,Tirasemtiv has no effect on fast-twitch muscle.,12631697,CONTRADICT
1303,Tirasemtiv has no effect on fast-twitch muscle.,12631697,CONTRADICT
1316,Transferred UCB T cells acquire a memory-like phenotype in recipients.,27910499,
1319,Transplanted human glial cells can differentiate within the host animal.,16284655,SUPPORT
1320,Transplanted human glial progenitor cells are incapable of forming a neural network with host animals' neurons.,16284655,CONTRADICT
1332,Tumor necrosis factor alpha (TNF-α) and interleukin-1 (IL-1) are pro-inflammatory cytokines that inhibit IL-6 and IL-10.,5304891,
1335,UCB T cells maintain high TCR diversity after transplantation.,27910499,SUPPORT
1336,UCB T cells reduce TCR diversity after transplantation.,27910499,CONTRADICT
1337,Ubiquitin ligase UBC13 generates a K63-linked polyubiquitin moiety at PCNA K164.,20231138,SUPPORT
1339,Ultrasound guidance significantly raises the number of traumatic procedures when attempting needle insertion.,15482274,CONTRADICT
1339,Ultrasound guidance significantly raises the number of traumatic procedures when attempting needle insertion.,15482274,CONTRADICT
1344,Up-regulation of the p53 pathway and related molecular events casues cancer resistance and results in a significantly shortened lifespan marked by senescent cells and accelerated organismal aging.,9559146,
1352,Upregulation of mosGCTL-1 is induced upon infection with West Nile virus.,12885341,SUPPORT
1352,Upregulation of mosGCTL-1 is induced upon infection with West Nile virus.,12885341,SUPPORT
1359,Varenicline monotherapy is more effective after 12 weeks of treatment compared to combination nicotine replacement therapies with varenicline or bupropion.,11614737,CONTRADICT
1362,Venules have a larger lumen diameter than arterioles.,8290953,
1363,Venules have a thinner or absent smooth layer compared to arterioles.,8290953,
1368,Vitamin D deficiency effects the term of delivery.,2425364,SUPPORT
1368,Vitamin D deficiency effects the term of delivery.,2425364,SUPPORT
1368,Vitamin D deficiency effects the term of delivery.,2425364,SUPPORT
1368,Vitamin D deficiency effects the term of delivery.,2425364,SUPPORT
1370,Vitamin D deficiency is unrelated to birth weight.,2425364,CONTRADICT
1370,Vitamin D deficiency is unrelated to birth weight.,2425364,CONTRADICT
1379,Women with a higher birth weight are more likely to develop breast cancer later in life.,16322674,SUPPORT
1379,Women with a higher birth weight are more likely to develop breast cancer later in life.,27123743,SUPPORT
1379,Women with a higher birth weight are more likely to develop breast cancer later in life.,23557241,SUPPORT
1379,Women with a higher birth weight are more likely to develop breast cancer later in life.,17450673,SUPPORT
1379,Women with a higher birth weight are more likely to develop breast cancer later in life.,16322674,SUPPORT
1379,Women with a higher birth weight are more likely to develop breast cancer later in life.,27123743,SUPPORT
1379,Women with a higher birth weight are more likely to develop breast cancer later in life.,23557241,SUPPORT
1379,Women with a higher birth weight are more likely to develop breast cancer later in life.,17450673,SUPPORT
1379,Women with a higher birth weight are more likely to develop breast cancer later in life.,16322674,SUPPORT
1379,Women with a higher birth weight are more likely to develop breast cancer later in life.,27123743,SUPPORT
1379,Women with a higher birth weight are more likely to develop breast cancer later in life.,23557241,SUPPORT
1379,Women with a higher birth weight are more likely to develop breast cancer later in life.,17450673,SUPPORT
1379,Women with a higher birth weight are more likely to develop breast cancer later in life.,16322674,SUPPORT
1379,Women with a higher birth weight are more likely to develop breast cancer later in life.,27123743,SUPPORT
1379,Women with a higher birth weight are more likely to develop breast cancer later in life.,23557241,SUPPORT
1379,Women with a higher birth weight are more likely to develop breast cancer later in life.,17450673,SUPPORT
1379,Women with a higher birth weight are more likely to develop breast cancer later in life.,16322674,SUPPORT
1379,Women with a higher birth weight are more likely to develop breast cancer later in life.,27123743,SUPPORT
1379,Women with a higher birth weight are more likely to develop breast cancer later in life.,23557241,SUPPORT
1379,Women with a higher birth weight are more likely to develop breast cancer later in life.,17450673,SUPPORT
1379,Women with a higher birth weight are more likely to develop breast cancer later in life.,16322674,SUPPORT
1379,Women with a higher birth weight are more likely to develop breast cancer later in life.,27123743,SUPPORT
1379,Women with a higher birth weight are more likely to develop breast cancer later in life.,23557241,SUPPORT
1379,Women with a higher birth weight are more likely to develop breast cancer later in life.,17450673,SUPPORT
1382,aPKCz causes tumour enhancement by affecting glutamine metabolism.,17755060,CONTRADICT
1382,aPKCz causes tumour enhancement by affecting glutamine metabolism.,17755060,CONTRADICT
1385,cSMAC formation enhances weak ligand signalling.,306006,SUPPORT
1389,mTORC2 regulates intracellular cysteine levels through xCT inhibition.,23895668,SUPPORT
1395,p16INK4A accumulation is  linked to an abnormal wound response caused by the microinvasive step of advanced Oral Potentially Malignant Lesions (OPMLs).,17717391,
